,PK,QB,RB,TE,WR
diff,4.256504993282019,6.640943400444764,7.0258279245005255,5.765315875732574,7.265249760195047
