,Ridge_train_rmse,Ridge_test_rmse,Ridge_cv_rmse,ElasticNet_train_rmse,ElasticNet_test_rmse,ElasticNet_cv_rmse,RandomForestRegressor_train_rmse,RandomForestRegressor_test_rmse,RandomForestRegressor_cv_rmse,GradientBoostingRegressor_train_rmse,GradientBoostingRegressor_test_rmse,GradientBoostingRegressor_cv_rmse
PK,4.354812921847906,4.094725197248132,6.803642888042845,4.264562814618434,4.098129802373807,6.813106034988688,4.0695564191974185,4.095304515830444,6.7517402020038695,2.4610458138639677,4.659483732571091,6.90289232576238
QB,6.634736376734224,6.964164182682487,6.803642888042845,7.3286362260326445,7.127218098052089,6.813106034988688,6.447935979080102,7.114697236039893,6.745388911974697,2.3293351536500926,8.008701020925896,6.920498227666053
WR,7.516765315112843,7.168806603789174,6.803642888042845,7.404808385436012,7.163671875061777,6.813106034988688,6.874005991676066,7.207805525650896,6.737631592641934,4.100726421355897,8.311938825100787,6.914472745125366
TE,5.241798483489531,5.608342071676964,6.803642888042845,5.253569363915698,5.592300824701761,6.813106034988688,4.924344763651516,5.628547643328118,6.736499046819956,2.7278581599791627,5.972809437599367,6.89314917556628
RB,7.1448392338716555,7.388837983939493,6.803642888042845,7.238142266943533,7.4718509279270355,6.813106034988688,6.810008411908608,7.348476615698483,6.744481602573473,3.3993347580135347,7.7198476039869,6.910593268620699
