Model,PK,QB,RB,TE,WR
Ridge_train_rmse,4.354812921847906,6.634736376734224,7.1448392338716555,5.241798483489531,7.516765315112843
Ridge_test_rmse,4.094725197248132,6.964164182682487,7.388837983939493,5.608342071676964,7.168806603789174
Ridge_cv_rmse,6.803642888042845,6.803642888042845,6.803642888042845,6.803642888042845,6.803642888042845
ElasticNet_train_rmse,4.264562814618434,7.3286362260326445,7.238142266943533,5.253569363915698,7.404808385436012
ElasticNet_test_rmse,4.098129802373807,7.127218098052089,7.4718509279270355,5.592300824701761,7.163671875061777
ElasticNet_cv_rmse,6.813106034988688,6.813106034988688,6.813106034988688,6.813106034988688,6.813106034988688
RandomForestRegressor_train_rmse,4.042137841403921,6.4381199845911965,6.826226229967006,4.897880806780849,6.869318194495902
RandomForestRegressor_test_rmse,4.093904951357477,7.077409781228515,7.35551955100156,5.633721887093215,7.218442811854139
RandomForestRegressor_cv_rmse,6.751960795681919,6.752169913589346,6.750530177557561,6.755586865200531,6.745219212938083
